model,threshold,trades,net_usd,mean_net_usd
logreg_nq,0.45,2244,-7705.0,-3.4336007130124777
logreg_nq,0.5,1316,-10172.5,-7.729863221884498
logreg_nq,0.55,318,-2566.0,-8.069182389937106
logreg_cross,0.45,2171,-7888.5,-3.633578995854445
logreg_cross,0.5,1371,-8760.0,-6.389496717724289
logreg_cross,0.55,470,-7629.0,-16.23191489361702
logreg_cross,0.6,116,-2870.0,-24.74137931034483
random_forest_cross,0.45,2070,-5088.0,-2.457971014492754
random_forest_cross,0.5,1292,1423.0,1.1013931888544892
random_forest_cross,0.55,356,1102.0,3.095505617977528
